s.no,Gender,Country,self_employed,family_history,work_interfere,no_employees,remote_work,tech_company,benefits,care_options,wellness_program,seek_help,anonymity,leave,mental_health_consequence,phys_health_consequence,coworkers,supervisor,mental_health_interview,phys_health_interview,mental_vs_physical,obs_consequence,Age_bin
1,M,United States,No,Yes,Often,6-25,Yes,Yes,Yes,Yes,No,Don't know,Yes,Somewhat easy,No,No,Yes,Yes,Maybe,Maybe,Don't know,No,Age1
2,M,United States,No,Yes,Sometimes,6-25,Yes,Yes,Don't know,No,No,Don't know,Don't know,Don't know,Maybe,No,Some of them,Yes,No,Maybe,Don't know,No,Age3
3,M,United States,No,Yes,Often,100-500,No,Yes,Yes,Yes,No,No,Yes,Very easy,No,No,Yes,Yes,Maybe,Maybe,Don't know,No,Age2
4,F,United States,No,No,Sometimes,26-100,Yes,Yes,Don't know,No,No,Don't know,Don't know,Don't know,Maybe,No,Some of them,No,Maybe,Maybe,Don't know,Yes,Age1
5,M,United Kingdom,No,Yes,Sometimes,1-5,No,Yes,No,Yes,No,No,Yes,Very easy,Yes,Yes,Some of them,Some of them,No,Maybe,Yes,Yes,Age2
6,M,United Kingdom,No,No,Never,500-1000,No,Yes,Don't know,No,No,Don't know,Don't know,Very easy,Maybe,No,Yes,Yes,No,No,Yes,No,Age2
7,M,United States,No,Yes,Sometimes,100-500,Yes,No,Yes,Yes,No,Yes,Yes,Very easy,No,No,Yes,Yes,Yes,Yes,Don't know,No,Age3
8,M,United States,No,No,Sometimes,100-500,No,Yes,Don't know,No,No,No,Don't know,Don't know,Yes,No,Some of them,No,No,Maybe,Don't know,No,Age2
9,M,United States,No,Yes,Sometimes,6-25,Yes,Yes,No,Yes,No,No,Yes,Somewhat easy,No,No,Some of them,Yes,Maybe,Yes,Yes,No,Age3
10,F,United States,No,No,Not Ill,100-500,No,Yes,Don't know,Not sure,No,No,Don't know,Don't know,Yes,No,No,No,No,No,Don't know,No,Age3
11,M,United States,No,No,Not Ill,More than 1000,No,No,Yes,Yes,Yes,Yes,Yes,Don't know,Maybe,No,No,Yes,No,No,Don't know,No,Age3
12,F,United States,Yes,No,Never,1-5,Yes,Yes,No,Yes,Don't know,Don't know,Yes,Somewhat easy,Maybe,No,No,Some of them,No,No,Yes,No,Age2
13,F,United States,No,Yes,Sometimes,More than 1000,No,No,Yes,Yes,No,Don't know,Don't know,Somewhat difficult,Yes,Maybe,Some of them,Some of them,No,No,No,Yes,Age1
14,F,United States,No,Yes,Sometimes,26-100,Yes,Yes,Don't know,Not sure,Don't know,Don't know,Don't know,Don't know,No,No,Some of them,Yes,No,No,Don't know,No,Age3
15,M,United States,No,No,Sometimes,More than 1000,No,Yes,Yes,Not sure,Yes,Yes,Yes,Don't know,Yes,Maybe,Some of them,Some of them,No,Maybe,Yes,No,Age2
16,M,Israel,No,No,Not Ill,100-500,No,Yes,Don't know,Not sure,No,No,Yes,Very easy,Maybe,No,Some of them,Yes,Maybe,Yes,Don't know,No,Age1
17,F,United States,No,No,Not Ill,6-25,No,Yes,Don't know,Not sure,No,No,Don't know,Somewhat easy,No,No,Yes,Yes,No,Maybe,Yes,No,Age1
18,T,United States,No,No,Often,More than 1000,No,No,Yes,Yes,Yes,Yes,Don't know,Don't know,Yes,No,Some of them,Some of them,No,No,No,Yes,Age4
19,M,United States,No,Yes,Sometimes,26-100,Yes,Yes,Yes,No,No,No,Don't know,Don't know,Maybe,No,Some of them,No,No,Maybe,Don't know,No,Age2
20,M,United States,No,No,Rarely,26-100,Yes,Yes,Don't know,No,No,No,Don't know,Somewhat easy,Yes,No,Some of them,Some of them,No,Yes,Don't know,Yes,Age1
21,M,Canada,No,No,Never,26-100,Yes,Yes,Don't know,No,No,No,Don't know,Somewhat easy,No,No,Some of them,Some of them,No,Maybe,No,No,Age1
22,F,United States,No,Yes,Sometimes,500-1000,No,No,Yes,Yes,Yes,Yes,Yes,Somewhat easy,Maybe,Maybe,Some of them,Some of them,No,No,No,Yes,Age2
23,M,United States,No,No,Never,6-25,No,Yes,Yes,Yes,Yes,Yes,Don't know,Somewhat easy,No,No,Yes,Yes,No,Maybe,Yes,No,Age2
24,M,United Kingdom,No,No,Not Ill,6-25,No,Yes,No,No,No,No,Don't know,Don't know,Maybe,Maybe,No,No,No,Maybe,Don't know,No,Age2
25,M,United States,No,Yes,Sometimes,26-100,Yes,Yes,Don't know,No,No,No,Don't know,Somewhat easy,Maybe,No,Some of them,Some of them,No,Maybe,No,No,Age3
26,M,United States,No,Yes,Sometimes,6-25,Yes,Yes,Don't know,No,No,Don't know,Don't know,Don't know,Maybe,Maybe,Some of them,Some of them,No,No,Don't know,No,Age3
27,F,United States,No,No,Never,More than 1000,No,Yes,Yes,Yes,Yes,Yes,Don't know,Don't know,Maybe,No,Some of them,Yes,Maybe,No,Yes,No,Age1
28,M,United States,No,No,Sometimes,1-5,No,Yes,Don't know,Not sure,No,No,Don't know,Don't know,No,No,Some of them,Yes,Maybe,Maybe,Don't know,No,Age1
29,F,United States,No,Yes,Never,100-500,Yes,Yes,Yes,Yes,Yes,No,Don't know,Don't know,Yes,Yes,No,No,No,No,Don't know,No,Age3
30,M,United States,No,No,Not Ill,More than 1000,No,No,Yes,Not sure,Yes,Don't know,Don't know,Don't know,Maybe,Maybe,Some of them,Yes,No,No,Don't know,No,Age2
31,M,United States,No,Yes,Not Ill,6-25,No,Yes,Don't know,Not sure,No,No,Don't know,Don't know,No,No,Some of them,Yes,No,No,Yes,No,Age1
32,M,United States,No,Yes,Rarely,6-25,No,Yes,Don't know,Not sure,Don't know,Don't know,Yes,Don't know,No,No,Yes,Yes,Maybe,Maybe,Yes,No,Age2
33,M,United States,No,Yes,Sometimes,More than 1000,Yes,No,Yes,Not sure,Yes,Don't know,Don't know,Don't know,Yes,Maybe,Some of them,Some of them,No,Maybe,No,No,Age3
34,F,United States,No,Yes,Often,26-100,No,Yes,No,No,No,No,No,Very difficult,Yes,No,No,No,No,Yes,No,Yes,Age2
35,M,United States,No,No,Never,100-500,No,No,Don't know,No,No,Don't know,Don't know,Don't know,Yes,Maybe,No,No,No,Maybe,Don't know,Yes,Age2
36,M,Canada,No,Yes,Sometimes,6-25,Yes,Yes,No,Yes,No,No,Don't know,Don't know,Maybe,No,No,Some of them,No,No,Don't know,No,Age2
37,M,Australia,No,Yes,Sometimes,26-100,Yes,Yes,No,No,No,No,Yes,Don't know,No,No,Yes,Yes,No,Maybe,Yes,No,Age1
38,M,United States,No,No,Not Ill,More than 1000,Yes,No,Don't know,No,Don't know,Don't know,Yes,Don't know,Yes,No,Some of them,No,No,No,No,No,Age3
39,F,United States,No,No,Sometimes,1-5,No,Yes,No,Not sure,No,No,Don't know,Very easy,No,No,Some of them,Yes,No,Maybe,Yes,No,Age2
40,M,United States,No,No,Not Ill,6-25,Yes,Yes,No,No,No,No,Don't know,Don't know,No,No,No,No,No,No,Don't know,No,Age2
41,F,United States,No,Yes,Sometimes,26-100,Yes,Yes,Don't know,No,No,No,Don't know,Somewhat easy,Yes,No,Some of them,Some of them,No,Maybe,No,No,Age2
42,M,United States,No,No,Not Ill,6-25,Yes,Yes,Yes,No,Don't know,Yes,Yes,Don't know,No,No,Some of them,Yes,No,No,Yes,No,Age2
43,M,United States,No,Yes,Sometimes,More than 1000,Yes,Yes,Yes,Yes,No,Yes,Don't know,Don't know,Yes,No,No,No,No,Maybe,Don't know,No,Age3
44,M,United States,No,No,Sometimes,6-25,No,Yes,Yes,Yes,No,No,Yes,Don't know,Maybe,No,Some of them,No,No,Maybe,Don't know,No,Age1
45,F,United Kingdom,No,No,Often,More than 1000,No,No,Yes,Yes,No,No,Don't know,Don't know,Maybe,No,Some of them,No,No,Yes,No,Yes,Age2
46,F,Canada,No,Yes,Sometimes,100-500,No,Yes,Yes,Not sure,No,No,Yes,Don't know,Maybe,No,Some of them,No,No,Maybe,Don't know,No,Age1
47,M,Italy,No,Yes,Sometimes,6-25,No,Yes,No,Not sure,No,No,Don't know,Somewhat easy,No,No,Some of them,Yes,No,No,Don't know,No,Age2
48,M,Brazil,No,Yes,Sometimes,100-500,No,Yes,No,No,No,No,Don't know,Somewhat easy,No,No,Some of them,Some of them,No,No,Don't know,Yes,Age2
49,M,United States,Yes,No,Often,1-5,Yes,No,No,Yes,Yes,Yes,Yes,Very difficult,No,No,Some of them,Some of them,No,No,Yes,Yes,Age3
50,M,United Kingdom,Yes,Yes,Sometimes,1-5,Yes,Yes,No,Yes,Yes,Yes,Yes,Somewhat difficult,No,No,Yes,Yes,No,Maybe,Yes,Yes,Age3
51,F,United States,No,Yes,Sometimes,More than 1000,No,Yes,Yes,Yes,No,No,Don't know,Don't know,No,No,Some of them,Yes,No,Maybe,No,Yes,Age1
52,F,United States,No,Yes,Sometimes,26-100,No,No,No,No,No,No,Don't know,Somewhat difficult,Yes,No,No,Some of them,No,Maybe,No,No,Age1
53,M,Switzerland,No,Yes,Often,More than 1000,No,Yes,Don't know,Not sure,No,No,Yes,Very easy,No,No,Some of them,Some of them,No,Maybe,No,No,Age2
54,M,United States,No,No,Never,1-5,Yes,Yes,Don't know,Not sure,Don't know,Don't know,Don't know,Very easy,No,No,Some of them,Some of them,No,No,Don't know,No,Age2
55,M,United States,No,No,Rarely,More than 1000,No,No,Don't know,No,No,Don't know,Don't know,Don't know,Maybe,No,Some of them,No,No,Maybe,No,No,Age3
56,M,United States,No,Yes,Sometimes,500-1000,No,Yes,Yes,Yes,No,Don't know,Yes,Very easy,No,No,Some of them,Yes,No,No,Yes,No,Age3
57,M,United States,No,No,Never,6-25,No,Yes,Don't know,No,No,Don't know,Don't know,Don't know,Maybe,No,Some of them,Yes,Maybe,Maybe,Don't know,No,Age1
58,M,United States,Yes,No,Never,6-25,Yes,Yes,Don't know,No,No,No,No,Very easy,Maybe,No,Some of them,Yes,No,Maybe,Yes,No,Age2
59,M,Canada,No,Yes,Often,More than 1000,No,Yes,Yes,Not sure,Don't know,Don't know,Don't know,Don't know,Maybe,No,Some of them,No,No,Maybe,Don't know,No,Age2
60,F,United States,No,No,Rarely,6-25,No,Yes,Yes,Yes,Don't know,Yes,Yes,Very easy,No,No,Some of them,Some of them,No,Yes,Don't know,No,Age2
61,F,United States,No,No,Often,More than 1000,Yes,No,Yes,No,No,No,Don't know,Somewhat easy,No,No,Some of them,Yes,Maybe,Maybe,Don't know,No,Age2
62,M,United States,No,No,Sometimes,100-500,No,Yes,Don't know,Not sure,No,No,Yes,Very difficult,Maybe,No,Some of them,No,No,Maybe,No,No,Age1
63,M,United States,Yes,No,Never,1-5,Yes,Yes,Don't know,No,No,No,Yes,Somewhat difficult,No,No,No,No,No,No,Don't know,No,Age3
64,M,United States,No,No,Often,6-25,Yes,Yes,Don't know,No,No,No,Don't know,Somewhat easy,Maybe,No,Some of them,No,No,Maybe,Don't know,No,Age1
65,M,Germany,No,Yes,Sometimes,6-25,No,Yes,No,No,No,No,Don't know,Somewhat easy,Maybe,No,Yes,Yes,No,No,Don't know,No,Age1
66,M,South Africa,No,Yes,Often,6-25,No,No,Don't know,No,No,No,Yes,Don't know,No,No,Some of them,Yes,No,Maybe,No,Yes,Age1
67,M,United States,No,No,Never,6-25,Yes,Yes,Yes,Not sure,Don't know,Don't know,Don't know,Somewhat easy,Maybe,Maybe,No,Some of them,No,Maybe,Don't know,No,Age2
68,M,United States,No,No,Never,More than 1000,No,No,Yes,Yes,No,Don't know,Don't know,Somewhat difficult,Maybe,No,No,Yes,No,No,Don't know,No,Age1
69,M,United States,No,No,Never,26-100,No,No,Yes,Yes,Yes,Yes,Yes,Don't know,Maybe,No,Some of them,Yes,No,Maybe,Don't know,No,Age4
70,M,Greece,No,No,Not Ill,26-100,Yes,Yes,No,No,No,No,Don't know,Very difficult,Yes,Maybe,Some of them,No,No,Maybe,No,No,Age2
71,F,United States,No,No,Sometimes,6-25,Yes,Yes,No,No,No,No,Don't know,Don't know,Maybe,Maybe,Some of them,Some of them,No,Maybe,No,No,Age3
72,M,United States,No,No,Sometimes,More than 1000,Yes,Yes,Yes,Not sure,No,Yes,Don't know,Don't know,Maybe,No,No,No,No,No,Don't know,No,Age3
73,M,United States,No,No,Rarely,More than 1000,No,Yes,Yes,Yes,Yes,Yes,Don't know,Don't know,Maybe,Maybe,Some of them,No,No,No,Yes,Yes,Age3
74,M,United States,No,No,Never,More than 1000,No,No,Don't know,No,No,No,Don't know,Don't know,No,No,Some of them,Yes,No,No,Don't know,No,Age1
75,M,United States,No,No,Sometimes,100-500,No,Yes,Yes,Yes,No,No,Don't know,Somewhat easy,Maybe,No,Some of them,No,No,Maybe,No,No,Age2
76,M,United States,No,Yes,Sometimes,More than 1000,No,Yes,Yes,Yes,Yes,Yes,Yes,Don't know,Yes,Yes,No,No,No,Maybe,No,Yes,Age3
77,M,United States,Yes,Yes,Sometimes,1-5,Yes,Yes,Yes,Not sure,No,Don't know,Don't know,Don't know,Maybe,Maybe,Some of them,Some of them,No,Maybe,Don't know,No,Age3
78,F,United States,No,Yes,Often,More than 1000,No,Yes,Yes,Yes,Yes,Yes,Yes,Very difficult,Maybe,No,Yes,Some of them,No,Maybe,No,Yes,Age1
79,F,United States,No,Yes,Sometimes,26-100,Yes,Yes,Yes,Yes,No,Don't know,Don't know,Don't know,Yes,Maybe,No,No,No,Maybe,Don't know,No,Age3
80,M,Netherlands,Yes,No,Sometimes,1-5,No,Yes,No,No,No,No,Yes,Very difficult,Maybe,No,Some of them,Yes,No,Maybe,No,No,Age2
81,M,United States,No,Yes,Often,1-5,No,Yes,No,Yes,No,No,Yes,Very easy,Maybe,No,Yes,Yes,No,Maybe,No,No,Age1
82,M,Netherlands,No,Yes,Often,1-5,No,Yes,Don't know,Not sure,Don't know,Yes,Don't know,Very difficult,No,Maybe,Yes,Yes,Maybe,No,Yes,No,Age2
83,F,United States,No,Yes,Often,More than 1000,No,No,Yes,No,No,No,Don't know,Somewhat difficult,Yes,No,No,No,No,Maybe,No,No,Age2
84,F,Canada,No,Yes,Often,26-100,No,No,Don't know,No,Yes,Don't know,Don't know,Somewhat easy,No,No,Some of them,Some of them,No,No,Yes,No,Age2
85,M,United Kingdom,No,Yes,Sometimes,1-5,No,No,Yes,Yes,Yes,Yes,Yes,Somewhat easy,Maybe,Maybe,Some of them,Some of them,No,Maybe,No,No,Age2
86,M,Germany,No,No,Not Ill,6-25,No,Yes,Don't know,No,No,No,Yes,Very easy,No,No,Yes,Yes,Maybe,Maybe,Yes,No,Age3
87,M,Germany,No,No,Sometimes,More than 1000,No,Yes,Don't know,No,No,No,Don't know,Somewhat difficult,No,No,Yes,Yes,No,No,Yes,No,Age3
88,M,United States,No,Yes,Never,More than 1000,No,No,Yes,Not sure,Yes,Yes,Don't know,Don't know,Yes,Maybe,Some of them,No,No,No,No,No,Age3
89,M,United States,No,No,Sometimes,26-100,No,Yes,Yes,Yes,Yes,Don't know,Yes,Don't know,No,No,Some of them,Yes,No,Maybe,Don't know,No,Age2
90,F,United States,No,Yes,Sometimes,100-500,No,Yes,Yes,Yes,Don't know,Don't know,Don't know,Don't know,Maybe,No,Some of them,Some of them,No,No,Yes,No,Age2
91,M,United States,Yes,No,Never,1-5,Yes,Yes,No,Yes,No,No,Yes,Very easy,No,No,Some of them,Some of them,No,Maybe,Yes,No,Age2
92,M,United States,No,Yes,Never,100-500,No,No,Yes,Yes,No,Don't know,Don't know,Somewhat easy,Maybe,No,Some of them,Some of them,No,Maybe,No,No,Age3
93,M,United States,No,Yes,Often,100-500,No,Yes,No,Yes,No,No,Don't know,Very difficult,Yes,No,Yes,Yes,No,Yes,No,No,Age2
94,M,United States,No,No,Sometimes,More than 1000,No,Yes,Yes,Yes,Yes,Don't know,Yes,Don't know,Yes,No,No,No,No,No,Yes,No,Age1
95,M,United States,No,No,Sometimes,100-500,No,Yes,Yes,No,No,Yes,Yes,Very easy,No,No,No,Yes,No,No,Yes,No,Age3
96,M,United States,Yes,No,Sometimes,1-5,No,No,No,Yes,No,No,No,Very difficult,No,No,No,No,No,No,No,Yes,Age2
97,M,United States,No,Yes,Rarely,6-25,Yes,Yes,Don't know,No,No,No,Don't know,Very easy,No,No,Yes,Yes,Maybe,Yes,Yes,No,Age1
98,M,United States,No,Yes,Sometimes,More than 1000,No,Yes,Yes,Not sure,Yes,Don't know,Don't know,Somewhat difficult,Maybe,No,Some of them,Some of them,No,Maybe,Don't know,Yes,Age3
99,M,United States,No,No,Not Ill,More than 1000,No,No,Don't know,Not sure,Yes,Don't know,Yes,Somewhat easy,No,No,Some of them,Yes,No,Maybe,Yes,No,Age2
100,M,United States,No,No,Never,500-1000,No,Yes,Don't know,No,No,Don't know,Don't know,Don't know,No,No,Yes,Some of them,No,No,Yes,No,Age3
101,M,United States,No,No,Not Ill,6-25,Yes,Yes,Yes,Not sure,No,Yes,Don't know,Don't know,Maybe,No,Some of them,Yes,Maybe,Yes,Don't know,No,Age2
102,M,United States,No,Yes,Sometimes,100-500,No,Yes,Don't know,Not sure,No,No,Don't know,Don't know,Maybe,No,Some of them,No,No,Maybe,Don't know,No,Age1
103,F,Canada,Yes,Yes,Often,1-5,Yes,Yes,No,Yes,No,No,No,Very difficult,Yes,Yes,No,No,No,Maybe,No,Yes,Age2
104,F,United States,No,Yes,Sometimes,6-25,Yes,Yes,Don't know,No,No,No,Don't know,Somewhat easy,No,No,Yes,Some of them,No,No,Yes,No,Age2
105,M,United States,No,No,Never,6-25,Yes,Yes,Yes,No,No,No,Don't know,Don't know,Yes,Maybe,Some of them,No,No,Maybe,Don't know,No,Age3
106,M,United States,No,No,Rarely,6-25,Yes,Yes,No,Yes,No,Don't know,Don't know,Somewhat easy,Maybe,No,No,Some of them,No,Maybe,Don't know,No,Age1
107,M,France,Yes,No,Sometimes,26-100,Yes,Yes,No,No,No,No,Don't know,Don't know,Maybe,Maybe,Some of them,Yes,No,No,Don't know,No,Age4
108,M,Australia,No,Yes,Rarely,26-100,No,Yes,No,No,Don't know,Don't know,Don't know,Very easy,No,No,Yes,Yes,Maybe,Yes,Yes,No,Age1
109,F,United States,No,No,Often,More than 1000,No,Yes,Yes,Yes,Don't know,Don't know,Don't know,Don't know,Yes,No,No,No,No,Maybe,Don't know,No,Age2
110,M,India,No,No,Often,6-25,No,Yes,No,No,No,No,No,Very easy,Maybe,Maybe,Some of them,Some of them,Maybe,Maybe,Don't know,No,Age2
111,M,Croatia,No,Yes,Sometimes,6-25,Yes,Yes,Yes,Yes,No,Don't know,Yes,Very easy,No,No,Some of them,Yes,Maybe,Maybe,Yes,No,Age2
112,M,France,No,No,Often,6-25,No,Yes,Yes,No,No,No,Yes,Somewhat easy,Maybe,Maybe,Yes,Some of them,No,Yes,No,No,Age2
113,M,Germany,No,No,Not Ill,6-25,Yes,Yes,No,Not sure,No,No,Don't know,Don't know,Maybe,No,Some of them,No,Maybe,Yes,Don't know,No,Age3
114,M,United States,No,Yes,Sometimes,1-5,Yes,Yes,Don't know,No,Don't know,Don't know,Don't know,Very easy,No,No,Yes,Yes,Maybe,Yes,Don't know,No,Age1
115,M,United States,No,No,Not Ill,More than 1000,No,No,Yes,Not sure,Don't know,Don't know,Don't know,Somewhat easy,Maybe,No,Some of them,Some of them,No,Maybe,Don't know,No,Age3
116,M,Canada,No,No,Sometimes,26-100,No,Yes,Yes,Yes,No,No,Yes,Don't know,Maybe,No,No,No,No,Maybe,Don't know,Yes,Age1
117,M,United Kingdom,No,No,Never,100-500,No,Yes,Don't know,Not sure,No,Don't know,Don't know,Very easy,Maybe,No,Yes,Some of them,No,Maybe,Don't know,No,Age3
118,M,United States,No,Yes,Sometimes,6-25,No,Yes,Don't know,Yes,No,Don't know,Don't know,Don't know,Yes,Maybe,No,Some of them,No,Maybe,Don't know,No,Age4
119,M,United States,No,Yes,Rarely,More than 1000,No,No,Yes,Yes,Yes,Yes,Yes,Somewhat easy,Yes,No,No,Yes,No,Yes,Don't know,No,Age3
120,M,United States,No,No,Never,1-5,Yes,Yes,No,Yes,No,No,Don't know,Don't know,Yes,Yes,No,No,No,No,Don't know,No,Age2
121,M,United Kingdom,Yes,No,Rarely,1-5,No,Yes,No,Yes,Yes,Yes,Yes,Very easy,No,No,Some of them,Yes,No,Yes,No,Yes,Age2
122,M,United Kingdom,No,No,Sometimes,More than 1000,No,No,No,No,No,Yes,Don't know,Don't know,Maybe,No,Some of them,Some of them,No,No,No,No,Age3
123,F,United Kingdom,No,No,Never,100-500,No,Yes,Don't know,Not sure,No,Don't know,Don't know,Very easy,Maybe,No,Some of them,Some of them,No,Maybe,No,No,Age2
124,F,United States,No,No,Rarely,26-100,No,No,Don't know,No,Don't know,Don't know,Don't know,Don't know,No,No,Some of them,Some of them,No,Maybe,Don't know,No,Age3
125,M,United States,No,No,Not Ill,6-25,No,Yes,Don't know,Not sure,Don't know,Don't know,Yes,Don't know,No,No,No,No,No,No,Yes,No,Age2
126,M,Germany,Yes,Yes,Often,1-5,No,Yes,No,No,No,No,Don't know,Don't know,Maybe,No,Yes,Yes,Maybe,Yes,No,Yes,Age1
127,F,United States,No,No,Sometimes,26-100,Yes,Yes,Don't know,Not sure,Don't know,Don't know,Don't know,Don't know,No,No,Some of them,Some of them,Maybe,Maybe,Don't know,No,Age1
128,T,United States,Yes,Yes,Often,1-5,Yes,Yes,Yes,Yes,Yes,Yes,Yes,Very easy,Yes,Yes,Yes,Yes,Yes,Yes,Yes,Yes,Age2
129,M,Netherlands,No,Yes,Sometimes,6-25,No,Yes,No,No,No,No,Yes,Somewhat easy,Maybe,No,Some of them,Yes,No,Maybe,Yes,No,Age3
130,M,United States,No,No,Not Ill,More than 1000,No,No,Yes,No,No,No,Yes,Somewhat easy,Maybe,No,No,No,No,Yes,No,No,Age2
131,F,United States,No,Yes,Sometimes,26-100,No,No,Yes,Yes,No,No,Don't know,Don't know,Yes,No,Some of them,Some of them,No,Yes,No,No,Age3
132,M,United Kingdom,No,No,Not Ill,26-100,No,Yes,No,No,No,No,Don't know,Don't know,Maybe,No,No,No,No,No,Don't know,Yes,Age2
133,F,United States,No,Yes,Rarely,More than 1000,Yes,Yes,Yes,Yes,No,No,Yes,Somewhat easy,Maybe,Maybe,Some of them,No,No,No,Don't know,No,Age2
134,M,New Zealand,No,No,Rarely,26-100,No,Yes,No,Yes,No,Yes,No,Somewhat difficult,Yes,No,No,No,No,Maybe,No,Yes,Age1
135,M,New Zealand,No,No,Rarely,26-100,No,Yes,No,Yes,No,Yes,No,Somewhat difficult,Yes,No,No,No,No,Maybe,No,Yes,Age1
136,M,United Kingdom,No,No,Sometimes,More than 1000,No,No,No,No,No,No,Yes,Somewhat easy,Maybe,No,Yes,Yes,Maybe,Maybe,No,No,Age1
137,M,United Kingdom,No,Yes,Sometimes,26-100,Yes,Yes,No,No,No,No,Yes,Very easy,No,No,Some of them,Yes,No,Maybe,Yes,No,Age1
138,M,United Kingdom,No,Yes,Not Ill,6-25,No,Yes,No,No,No,No,Don't know,Somewhat difficult,Maybe,Maybe,Some of them,Some of them,Maybe,Maybe,Don't know,No,Age3
139,M,Germany,No,Yes,Sometimes,6-25,No,Yes,Don't know,Not sure,No,No,Don't know,Somewhat easy,Maybe,No,No,No,No,No,Don't know,No,Age1
140,M,United Kingdom,No,No,Sometimes,More than 1000,No,No,Don't know,No,No,Don't know,Don't know,Don't know,Maybe,No,Some of them,No,No,No,Don't know,No,Age1
141,M,Moldova,No,No,Often,26-100,No,Yes,No,Yes,No,No,Yes,Very difficult,No,No,Yes,Yes,Yes,Yes,Don't know,No,Age1
142,M,Sweden,No,No,Rarely,More than 1000,No,Yes,Don't know,Not sure,Don't know,Don't know,Don't know,Don't know,Maybe,Maybe,No,No,No,Yes,Don't know,Yes,Age2
143,M,Belgium,No,No,Sometimes,More than 1000,No,No,No,No,No,No,Don't know,Somewhat easy,Yes,Maybe,No,No,No,No,Don't know,Yes,Age2
144,F,United Kingdom,No,Yes,Not Ill,More than 1000,No,No,No,Yes,No,No,Yes,Don't know,Maybe,No,No,No,No,Yes,Yes,No,Age1
145,M,Israel,No,No,Never,More than 1000,No,No,No,Yes,Yes,Yes,Yes,Somewhat difficult,No,No,Yes,Yes,No,Yes,Yes,No,Age1
146,F,United States,No,Yes,Sometimes,26-100,Yes,Yes,Don't know,No,No,No,Don't know,Don't know,Maybe,No,No,No,No,No,Don't know,No,Age1
147,M,United Kingdom,No,Yes,Sometimes,1-5,No,Yes,No,Not sure,Don't know,Don't know,Don't know,Very easy,No,No,Some of them,Yes,Maybe,Yes,Don't know,No,Age3
148,M,United Kingdom,No,Yes,Sometimes,More than 1000,No,No,No,No,No,No,Yes,Very easy,Maybe,Maybe,Some of them,Yes,Maybe,Maybe,Yes,No,Age3
149,M,United States,No,Yes,Often,More than 1000,No,No,Yes,Yes,No,Yes,Don't know,Somewhat easy,Yes,No,No,Some of them,No,Yes,Don't know,No,Age2
150,M,United States,No,No,Rarely,6-25,No,Yes,Yes,Not sure,No,Don't know,Don't know,Don't know,Maybe,No,No,Some of them,No,Maybe,Don't know,No,Age2
151,M,United States,No,No,Sometimes,More than 1000,No,Yes,Yes,Yes,Yes,Yes,Yes,Somewhat difficult,Maybe,Maybe,Some of them,Some of them,No,No,Don't know,Yes,Age2
152,M,United Kingdom,No,No,Never,6-25,No,Yes,No,No,No,No,Don't know,Don't know,Yes,Maybe,Some of them,No,No,Maybe,Don't know,No,Age1
153,M,Canada,No,Yes,Rarely,100-500,No,Yes,Don't know,Not sure,No,Don't know,Don't know,Don't know,No,No,Yes,Yes,No,Maybe,No,No,Age3
154,F,United Kingdom,No,Yes,Rarely,26-100,No,No,Yes,Yes,Yes,Yes,Yes,Very easy,No,No,Some of them,Yes,Maybe,Maybe,Yes,No,Age2
155,M,United States,No,Yes,Often,26-100,No,No,Don't know,Not sure,No,No,Don't know,Somewhat easy,Yes,No,Some of them,Some of them,No,Maybe,Don't know,No,Age3
156,M,Canada,Yes,No,Never,6-25,Yes,Yes,Don't know,Not sure,No,No,Don't know,Very easy,No,No,Yes,Yes,Maybe,Maybe,Yes,No,Age2
157,M,Netherlands,Yes,No,Never,1-5,Yes,Yes,Don't know,Not sure,Don't know,Don't know,Don't know,Very easy,Yes,Yes,Some of them,Some of them,No,No,Don't know,No,Age3
158,M,United Kingdom,No,Yes,Never,6-25,No,Yes,Don't know,Not sure,No,Don't know,Don't know,Somewhat easy,No,No,Some of them,Some of them,No,No,Don't know,No,Age2
159,M,United States,No,Yes,Rarely,6-25,No,Yes,No,Yes,No,No,Don't know,Don't know,No,No,No,No,No,No,Don't know,No,Age2
160,M,Singapore,No,No,Never,More than 1000,Yes,Yes,Don't know,No,No,Don't know,Don't know,Don't know,Yes,No,No,No,No,No,No,No,Age4
161,M,United States,No,No,Sometimes,26-100,No,Yes,Yes,Yes,No,No,Don't know,Don't know,Yes,No,Some of them,Some of them,No,Maybe,Don't know,No,Age2
162,M,United Kingdom,No,No,Never,100-500,No,Yes,Yes,No,No,Yes,Don't know,Don't know,Maybe,Yes,Some of them,No,No,No,Yes,No,Age2
163,M,India,No,No,Not Ill,26-100,No,Yes,Don't know,Not sure,No,No,Don't know,Don't know,Yes,Yes,No,No,No,No,Don't know,No,Age2
164,M,United States,No,Yes,Sometimes,6-25,Yes,Yes,Don't know,No,No,Don't know,Don't know,Somewhat easy,Maybe,No,Some of them,Some of them,Maybe,Maybe,Don't know,No,Age1
165,F,United States,No,No,Often,100-500,Yes,No,Yes,Yes,No,No,Yes,Don't know,Maybe,No,Some of them,Some of them,No,Maybe,No,No,Age4
166,M,United States,No,Yes,Sometimes,More than 1000,No,Yes,Yes,No,Yes,Don't know,Don't know,Don't know,Maybe,No,Yes,Yes,No,No,Don't know,No,Age2
167,M,United States,No,Yes,Sometimes,26-100,No,No,Yes,Yes,Yes,Yes,Don't know,Don't know,Maybe,No,Some of them,No,No,Maybe,Don't know,No,Age2
168,M,Poland,No,No,Never,More than 1000,Yes,Yes,Don't know,Not sure,No,No,Don't know,Don't know,Maybe,No,Some of them,Some of them,No,Yes,Don't know,No,Age2
169,M,Colombia,No,No,Often,6-25,No,Yes,No,No,No,No,No,Very difficult,Yes,No,No,No,No,Maybe,Yes,No,Age1
170,F,United States,No,No,Sometimes,More than 1000,No,Yes,Yes,Yes,No,Don't know,Don't know,Don't know,Maybe,No,Some of them,No,No,No,No,No,Age2
171,M,United States,No,No,Not Ill,More than 1000,No,Yes,Don't know,Not sure,No,No,Don't know,Don't know,Maybe,No,Some of them,Yes,Maybe,Yes,No,No,Age2
172,M,United States,No,No,Not Ill,More than 1000,No,No,Yes,No,Yes,Yes,Don't know,Don't know,Yes,Maybe,No,No,No,No,Don't know,No,Age2
173,F,United States,No,Yes,Sometimes,26-100,No,Yes,Yes,Yes,No,Yes,Yes,Somewhat easy,No,No,Yes,Yes,No,Maybe,Yes,Yes,Age3
174,M,United Kingdom,No,No,Sometimes,1-5,No,Yes,No,No,No,No,Don't know,Very difficult,Maybe,No,Yes,Yes,Yes,Yes,No,Yes,Age1
175,M,Georgia,No,No,Rarely,26-100,No,No,No,No,No,No,Don't know,Very difficult,Yes,Yes,Some of them,No,No,Maybe,No,No,Age1
176,M,United States,No,Yes,Not Ill,6-25,No,Yes,Don't know,No,No,No,Don't know,Somewhat difficult,No,No,Some of them,Yes,No,No,Don't know,Yes,Age3
177,F,United States,No,Yes,Rarely,100-500,No,Yes,Yes,No,No,No,Don't know,Don't know,Maybe,Maybe,No,No,No,Maybe,No,No,Age1
178,M,United States,No,No,Never,26-100,No,Yes,No,No,No,Don't know,Don't know,Don't know,No,No,Some of them,Yes,No,Yes,No,Yes,Age2
179,M,China,Yes,No,Sometimes,1-5,Yes,Yes,No,Yes,No,No,Don't know,Somewhat easy,No,No,Some of them,Some of them,Maybe,Maybe,Don't know,No,Age3
180,F,Bulgaria,No,No,Sometimes,26-100,Yes,Yes,No,No,No,No,Don't know,Don't know,Maybe,Maybe,Yes,Some of them,Maybe,No,No,No,Age1
181,F,United States,No,No,Sometimes,26-100,No,Yes,Yes,Yes,No,No,Yes,Don't know,Maybe,Maybe,Some of them,No,No,No,No,No,Age2
182,M,United States,No,Yes,Sometimes,More than 1000,No,No,Yes,Yes,Yes,Yes,Yes,Don't know,Maybe,No,Some of them,No,No,Maybe,No,Yes,Age3
183,F,United States,No,Yes,Never,500-1000,Yes,No,Yes,Not sure,Don't know,Yes,Don't know,Somewhat easy,Maybe,Maybe,Some of them,Yes,No,No,Don't know,Yes,Age5
184,F,United States,No,Yes,Sometimes,1-5,Yes,Yes,No,No,No,No,Yes,Don't know,Maybe,Maybe,Some of them,Some of them,No,No,Yes,No,Age2
185,F,United States,No,No,Often,6-25,No,Yes,No,Yes,No,No,Don't know,Very difficult,Yes,Maybe,Some of them,Some of them,No,No,Don't know,No,Age2
186,F,United States,No,No,Never,100-500,No,No,Don't know,Not sure,Don't know,Don't know,Don't know,Don't know,No,No,Some of them,Yes,No,No,Yes,No,Age1
187,F,United States,Yes,No,Rarely,1-5,Yes,Yes,Don't know,Not sure,Don't know,Don't know,Don't know,Don't know,Maybe,Maybe,No,No,No,No,Don't know,No,Age5
188,M,United States,No,Yes,Sometimes,26-100,Yes,Yes,Yes,No,No,No,Don't know,Don't know,Maybe,No,Some of them,Some of them,No,No,Don't know,No,Age3
189,F,Belgium,No,No,Not Ill,26-100,No,Yes,Don't know,Not sure,No,No,Yes,Very easy,Maybe,No,Some of them,Some of them,No,No,Don't know,No,Age2
190,M,United States,No,Yes,Sometimes,6-25,No,Yes,Yes,Yes,No,No,Yes,Don't know,Maybe,No,Some of them,No,No,No,Yes,No,Age3
191,M,United States,No,Yes,Sometimes,100-500,No,Yes,Yes,Yes,No,Yes,Yes,Don't know,Maybe,No,Some of them,Some of them,No,No,Don't know,No,Age3
192,M,Canada,No,Yes,Sometimes,More than 1000,No,Yes,Yes,Not sure,Yes,Yes,Yes,Don't know,Maybe,No,No,No,No,Maybe,Don't know,No,Age2
193,M,United Kingdom,No,No,Never,26-100,Yes,Yes,Don't know,No,No,No,Don't know,Somewhat easy,No,No,Some of them,Yes,No,Yes,Don't know,No,Age3
194,M,Italy,No,No,Never,26-100,No,Yes,Don't know,Not sure,Don't know,Don't know,Yes,Don't know,No,No,Some of them,Yes,Yes,Maybe,No,No,Age3
195,M,Germany,No,No,Not Ill,26-100,No,Yes,Don't know,Not sure,No,No,Don't know,Don't know,No,No,Some of them,Yes,Yes,Yes,Don't know,No,Age1
196,F,Ireland,No,No,Sometimes,500-1000,No,No,Yes,Yes,Yes,No,Yes,Don't know,Yes,Yes,Some of them,Some of them,No,No,Yes,No,Age2
197,F,Ireland,No,No,Rarely,1-5,No,Yes,Don't know,No,No,No,No,Don't know,Maybe,No,Some of them,No,No,Maybe,No,No,Age2
198,M,Ireland,No,No,Often,6-25,No,Yes,No,No,No,No,Don't know,Somewhat difficult,Yes,Maybe,Some of them,Yes,No,Maybe,No,No,Age2
199,M,United States,No,No,Often,26-100,Yes,Yes,Yes,Not sure,No,Don't know,Don't know,Very difficult,Yes,Maybe,Some of them,No,No,No,Don't know,No,Age2
200,M,Ireland,No,No,Not Ill,100-500,No,Yes,Don't know,Not sure,No,Don't know,Don't know,Don't know,Maybe,No,Some of them,Yes,No,No,Don't know,No,Age1
201,M,Australia,No,No,Often,100-500,Yes,Yes,No,Yes,No,No,Don't know,Don't know,Yes,No,No,No,No,Maybe,No,No,Age2
202,F,United States,No,No,Rarely,6-25,No,Yes,Yes,No,No,No,Don't know,Somewhat easy,Yes,Yes,Some of them,No,No,No,No,Yes,Age2
203,M,Brazil,Yes,No,Not Ill,1-5,No,Yes,No,Yes,No,No,No,Don't know,No,No,Yes,Yes,No,Maybe,Don't know,No,Age2
204,M,United Kingdom,No,No,Not Ill,100-500,No,Yes,Don't know,Not sure,No,No,Don't know,Somewhat easy,Maybe,Maybe,Some of them,Yes,No,Maybe,Don't know,No,Age1
205,M,Ireland,No,Yes,Never,1-5,Yes,Yes,No,No,No,No,Don't know,Don't know,Maybe,No,Some of them,Yes,No,No,Don't know,No,Age2
206,M,Ireland,No,No,Sometimes,6-25,No,Yes,No,No,No,No,Don't know,Somewhat easy,No,No,Some of them,Yes,No,Maybe,Don't know,No,Age2
207,M,United Kingdom,No,Yes,Often,26-100,Yes,No,Don't know,Not sure,No,No,Don't know,Somewhat easy,Maybe,No,Some of them,Yes,Maybe,Yes,Yes,No,Age2
208,M,United States,No,No,Sometimes,1-5,No,Yes,No,Yes,No,No,No,Very easy,Maybe,Maybe,Some of them,Yes,No,No,No,No,Age1
209,M,Czech Republic,No,Yes,Often,100-500,No,Yes,No,Yes,No,No,Don't know,Somewhat easy,No,No,Some of them,Yes,Maybe,Maybe,Don't know,Yes,Age2
210,M,Singapore,No,Yes,Sometimes,26-100,No,Yes,Don't know,Not sure,No,No,Don't know,Somewhat difficult,Maybe,No,No,No,No,Maybe,No,No,Age2
211,M,Ireland,No,Yes,Not Ill,1-5,No,Yes,No,No,No,No,Don't know,Don't know,Maybe,Maybe,No,No,No,No,Don't know,No,Age1
212,M,Ireland,No,No,Never,More than 1000,Yes,Yes,Don't know,Not sure,No,No,Don't know,Don't know,Yes,No,Yes,Some of them,No,No,No,Yes,Age3
213,F,United Kingdom,No,No,Sometimes,More than 1000,No,No,No,Yes,No,Yes,Yes,Somewhat difficult,Maybe,Maybe,Some of them,Yes,No,Maybe,No,Yes,Age2
214,M,Philippines,No,No,Sometimes,More than 1000,No,Yes,Don't know,No,No,No,Don't know,Very difficult,Yes,Yes,Some of them,No,No,Maybe,No,Yes,Age2
215,M,United States,No,No,Often,26-100,Yes,Yes,Yes,Yes,No,No,Yes,Don't know,Maybe,No,Some of them,No,No,Maybe,Don't know,No,Age2
216,M,Netherlands,No,No,Not Ill,6-25,No,Yes,No,Not sure,No,No,Don't know,Somewhat easy,Maybe,Maybe,Some of them,Some of them,No,No,Don't know,No,Age2
217,M,United Kingdom,No,No,Rarely,More than 1000,Yes,No,Don't know,Not sure,No,Yes,Don't know,Don't know,No,No,Some of them,Yes,No,No,Don't know,No,Age1
218,M,Ireland,No,No,Never,26-100,No,Yes,No,Yes,No,No,No,Somewhat difficult,Yes,Yes,Some of them,Some of them,No,No,No,No,Age3
219,M,Netherlands,No,No,Not Ill,6-25,No,Yes,No,Not sure,No,No,Don't know,Somewhat easy,Maybe,Maybe,Some of them,Some of them,No,No,Don't know,No,Age2
220,M,United States,No,No,Sometimes,More than 1000,Yes,Yes,Yes,No,Yes,Yes,Yes,Very easy,No,No,Yes,Yes,No,No,Don't know,No,Age3
221,M,United States,No,Yes,Often,26-100,No,Yes,Don't know,No,No,No,Don't know,Don't know,Maybe,No,Some of them,No,No,No,No,No,Age4
222,M,United States,No,Yes,Sometimes,100-500,Yes,Yes,Don't know,Not sure,Don't know,Don't know,Don't know,Don't know,No,No,Some of them,Yes,Yes,Yes,Don't know,No,Age4
223,F,Netherlands,Yes,No,Rarely,1-5,Yes,Yes,Don't know,Yes,Don't know,Yes,No,Somewhat easy,No,No,Yes,Yes,Yes,Yes,Yes,No,Age3
224,M,United Kingdom,No,No,Never,26-100,No,Yes,Don't know,No,No,No,Don't know,Somewhat easy,Maybe,No,Some of them,Some of them,No,Maybe,Yes,Yes,Age1
225,M,Ireland,No,Yes,Sometimes,More than 1000,No,Yes,Yes,Yes,No,Yes,Don't know,Somewhat easy,Maybe,No,Some of them,No,No,Maybe,Yes,Yes,Age1
226,F,Ireland,No,No,Rarely,26-100,No,Yes,No,Yes,Yes,No,Don't know,Don't know,No,No,Yes,Some of them,No,Maybe,Don't know,No,Age1
227,M,Netherlands,No,No,Not Ill,More than 1000,No,No,Yes,Not sure,Yes,Don't know,Don't know,Somewhat easy,Maybe,Maybe,No,Some of them,No,No,Yes,No,Age3
228,F,Ireland,No,Yes,Never,More than 1000,No,Yes,Yes,Yes,Don't know,Yes,Yes,Don't know,Maybe,No,Some of them,Some of them,No,No,Don't know,No,Age2
229,M,United States,No,Yes,Sometimes,26-100,No,Yes,Don't know,Yes,No,No,Don't know,Somewhat easy,Yes,No,Some of them,Some of them,No,Maybe,Don't know,No,Age1
230,M,Greece,No,No,Not Ill,6-25,Yes,Yes,No,No,No,No,Yes,Don't know,Yes,No,No,No,No,No,Don't know,No,Age3
231,F,United Kingdom,No,Yes,Sometimes,6-25,No,Yes,No,Yes,No,Yes,Yes,Very easy,No,No,Yes,Yes,Maybe,Maybe,Yes,No,Age1
232,M,United Kingdom,Yes,No,Sometimes,6-25,Yes,Yes,No,No,No,No,Don't know,Don't know,Maybe,Maybe,Some of them,Some of them,No,Maybe,Don't know,Yes,Age1
233,M,United Kingdom,No,Yes,Sometimes,More than 1000,No,No,Yes,Yes,Yes,Yes,Yes,Very easy,No,No,Yes,Yes,Yes,Yes,Yes,No,Age1
234,M,United Kingdom,No,No,Rarely,6-25,No,Yes,No,Yes,No,No,Don't know,Don't know,No,No,Yes,Yes,No,Maybe,Don't know,No,Age1
235,T,United Kingdom,No,No,Sometimes,6-25,No,No,Don't know,No,No,Don't know,Don't know,Don't know,Yes,Maybe,No,No,No,Maybe,Don't know,No,Age1
236,M,Canada,No,No,Often,26-100,No,Yes,Yes,Yes,Yes,Don't know,Don't know,Don't know,Maybe,No,Yes,Some of them,No,No,Don't know,No,Age1
237,M,United States,No,No,Often,More than 1000,Yes,Yes,Don't know,No,Yes,Don't know,Don't know,Somewhat easy,Maybe,Maybe,Some of them,No,No,Maybe,Don't know,No,Age5
238,M,Ireland,No,No,Sometimes,26-100,No,Yes,No,Yes,No,No,Yes,Don't know,Yes,Maybe,No,No,No,No,No,Yes,Age2
239,M,United States,No,Yes,Often,More than 1000,No,No,Yes,Yes,Yes,Yes,Yes,Somewhat easy,Yes,Maybe,Some of them,Yes,No,No,No,Yes,Age2
240,M,Netherlands,No,No,Sometimes,500-1000,No,Yes,Don't know,No,No,No,Don't know,Don't know,Maybe,No,Yes,Yes,Maybe,Yes,Don't know,No,Age2
241,M,Germany,No,Yes,Sometimes,100-500,No,Yes,Don't know,No,No,No,Yes,Somewhat easy,No,No,Some of them,No,No,No,Don't know,No,Age2
242,M,Poland,Yes,No,Often,6-25,Yes,Yes,No,No,No,No,Don't know,Somewhat easy,Maybe,No,Some of them,No,No,No,Don't know,No,Age2
243,M,Ireland,No,No,Rarely,26-100,No,Yes,Don't know,No,No,Don't know,Don't know,Don't know,Maybe,No,No,No,No,Maybe,Don't know,No,Age2
244,F,United States,No,Yes,Rarely,More than 1000,Yes,Yes,Yes,Yes,No,Yes,Don't know,Don't know,No,No,Some of them,Yes,No,No,Don't know,No,Age3
245,F,United Kingdom,No,No,Not Ill,More than 1000,No,No,No,No,No,Don't know,Don't know,Don't know,Maybe,No,Some of them,Yes,No,Yes,No,No,Age2
246,M,Australia,No,Yes,Often,100-500,No,No,Yes,Yes,Yes,Yes,Yes,Don't know,Maybe,Maybe,No,Yes,No,Maybe,Don't know,Yes,Age1
247,M,United States,No,No,Never,100-500,No,Yes,Yes,Not sure,Don't know,Yes,Don't know,Somewhat easy,No,No,No,Some of them,Maybe,Yes,Don't know,No,Age2
248,M,Finland,No,No,Often,6-25,No,Yes,No,No,No,No,No,Very difficult,Yes,No,Some of them,No,No,Maybe,Don't know,Yes,Age2
249,F,United States,No,Yes,Sometimes,26-100,No,Yes,Yes,No,No,Don't know,Don't know,Don't know,Yes,Maybe,No,No,No,No,Don't know,No,Age3
250,M,United States,No,Yes,Sometimes,26-100,No,Yes,Yes,Yes,Don't know,No,Yes,Very easy,No,No,Yes,Yes,Maybe,Maybe,Yes,No,Age2
251,M,United States,Yes,Yes,Often,26-100,No,Yes,Yes,Not sure,Yes,Yes,Don't know,Don't know,No,No,Some of them,Yes,Maybe,Maybe,Yes,No,Age2
252,M,South Africa,No,Yes,Often,100-500,No,No,No,Yes,No,No,Don't know,Somewhat easy,No,No,Some of them,Yes,No,Yes,Yes,No,Age2
253,M,United States,No,Yes,Sometimes,100-500,Yes,Yes,Yes,Yes,Yes,No,Yes,Don't know,Yes,No,Some of them,No,No,Maybe,No,No,Age2
254,M,United States,No,Yes,Rarely,More than 1000,No,No,Don't know,No,Yes,Yes,Don't know,Somewhat easy,Maybe,Maybe,Some of them,Some of them,No,No,Don't know,No,Age2
255,M,United Kingdom,No,No,Not Ill,26-100,No,Yes,No,No,No,No,Don't know,Somewhat easy,No,No,Some of them,Some of them,No,No,Don't know,No,Age1
256,M,United States,No,Yes,Often,26-100,Yes,Yes,Yes,Yes,No,No,Yes,Somewhat difficult,No,No,Some of them,Yes,No,No,Yes,No,Age2
257,M,United States,No,Yes,Sometimes,More than 1000,No,Yes,Yes,Yes,No,No,Don't know,Somewhat difficult,Yes,Yes,No,No,No,No,No,No,Age2
258,F,United States,No,No,Not Ill,100-500,Yes,Yes,No,Yes,No,No,Don't know,Don't know,Yes,No,No,No,No,No,No,No,Age4
259,M,United States,No,Yes,Sometimes,26-100,No,No,Yes,Yes,No,No,Yes,Don't know,Maybe,No,Some of them,No,No,No,Don't know,No,Age1
